USE master;
GO

-- Force close all connections and drop the database
IF EXISTS (SELECT name FROM sys.databases WHERE name = N'Quan_Li_Cua_Hang_Nuoc')
BEGIN
    ALTER DATABASE Quan_Li_Cua_Hang_Nuoc SET SINGLE_USER WITH ROLLBACK IMMEDIATE;
    DROP DATABASE Quan_Li_Cua_Hang_Nuoc;
END
GO
CREATE DATABASE Quan_Li_Cua_Hang_Nuoc
GO
USE Quan_Li_Cua_Hang_Nuoc
GO
SET DATEFORMAT dmy;
GO
CREATE TABLE CON_NGUOI
(
ID_CN NVARCHAR(50) NOT NULL PRIMARY KEY,
TEN NVARCHAR(50),
NGAY_SINH DATE,
GIOI_TINH NVARCHAR(50),
SDT NVARCHAR(50),
)
GO
CREATE TABLE CHUC_VU
(
MA_CV NVARCHAR(50) NOT NULL PRIMARY KEY,
TEN_CV NVARCHAR(50),
LUONG_CO_BAN INT
)
GO
CREATE TABLE NHAN_VIEN
(
ID_NV NVARCHAR(50) NOT NULL PRIMARY KEY REFERENCES 
CON_NGUOI(ID_CN),
TRANG_THAI NVARCHAR(50),
MA_CV NVARCHAR(50) REFERENCES CHUC_VU(MA_CV),
ID_QLY NVARCHAR(50) REFERENCES NHAN_VIEN(ID_NV)
)
GO
CREATE TABLE LUONG
(
ID_NV NVARCHAR(50) NOT NULL PRIMARY KEY REFERENCES 
NHAN_VIEN(ID_NV),
THUONG INT,
SO_CA_LAM INT,
MA_CV NVARCHAR(50) REFERENCES CHUC_VU(MA_CV),
)
GO
CREATE TABLE CA_LAM
(
MA_CA NVARCHAR(50) NOT NULL PRIMARY KEY,
THOI_GIAN TIME,
NGAY DATE
)
GO
CREATE TABLE CHAM_CONG
(
MA_CA NVARCHAR(50) REFERENCES CA_LAM(MA_CA),
ID_NV NVARCHAR(50) REFERENCES NHAN_VIEN(ID_NV)
)
GO
CREATE TABLE NHA_CUNG_CAP
(
MA_NCC NVARCHAR(50) NOT NULL PRIMARY KEY,
TEN NVARCHAR(50),
SDT NVARCHAR(50),
DIA_CHI NVARCHAR(50)
)
GO
CREATE TABLE KHACH_HANG
(
ID_KH NVARCHAR(50) NOT NULL PRIMARY KEY REFERENCES 
CON_NGUOI(ID_CN),
KHTT NVARCHAR(50),
DIEM INT,
)
GO
CREATE TABLE HOA_DON
(
MA_HD NVARCHAR(50) NOT NULL PRIMARY KEY,
THOI_GIAN DATE,
TONG_TIEN INT,
ID_NV NVARCHAR(50) REFERENCES NHAN_VIEN(ID_NV),
ID_KH NVARCHAR(50) REFERENCES KHACH_HANG(ID_KH),
MA_CA NVARCHAR(50) REFERENCES CA_LAM(MA_CA)
)
GO
CREATE TABLE HANG_HOA(
MA_HH NVARCHAR(50) NOT NULL PRIMARY KEY,
TEN_HH NVARCHAR(50),
SO_LUONG INT,
GIA INT,
LOAI_HH NVARCHAR(50),
NGAY_NHAP DATE,
HAN_SU_DUNG DATE,
MA_NCC NVARCHAR(50)
)
GO
CREATE TABLE HANG_NHAP
(
MA_NHAP_HANG NVARCHAR(50) NOT NULL PRIMARY KEY,
SO_LUONG INT,
NGAY_NHAP DATE,
DON_GIA NVARCHAR(50),
MA_NCC NVARCHAR(50) REFERENCES 
NHA_CUNG_CAP(MA_NCC),
MA_HH NVARCHAR(50) REFERENCES HANG_HOA(MA_HH)
)
GO
CREATE TABLE CTHD
(
MA_CTHD NVARCHAR(50) NOT NULL PRIMARY KEY,
SO_LUONG INT,
GIA INT,
MA_HD NVARCHAR(50) REFERENCES HOA_DON(MA_HD),
MA_HH NVARCHAR(50) REFERENCES HANG_HOA(MA_HH)
)
GO
CREATE TABLE BO_HANG
(
MA_BO NVARCHAR(50) NOT NULL PRIMARY KEY,
TEN NVARCHAR(50),
SO_LUONG INT,
TONG_GIA INT,
NGAY_BO DATE,
MA_HH NVARCHAR(50) REFERENCES HANG_HOA(MA_HH)
)
GO
INSERT INTO CON_NGUOI(ID_CN,TEN,NGAY_SINH,GIOI_TINH,SDT) VALUES
('S001',N'Triệu Chí Bình ', '3/12/1994', N'Nam', '0943557622'),
('S002',N'Nguyễn Văn Bình', '16/7/1999', N'Nam', '0973968364'),
('S003',N'Bùi Thị Phấn', '12/10/1995', N'Nữ', '0355763132'),
('S004',N'Nguyễn Tú Hưng', '17/7/1997', N'Nam', '0336808558'), 
('S005',N'Phạm Thị Ba', '10/10/1998', N'Nam', '0914143153'),
('M001',N'Đào Thị Mặn', '11/11/1992', N'Nữ', '0767420106'),
('KH01',N'Ngô Văn Hiếu', '14/8/2000', N'Nam', '0986322547'),
('KH02',N'Ngô Văn Liễu', '3/1/2005', N'Nữ', '0987389560'),
('KH03',N'Đinh Văn Hiểu', '9/11/2003', N'Nam', '0975728389'),
('KH04',N'Phạm Như Dũng', '23/11/2004', N'Nam', '0369554787'),
('KH05',N'Dương Thị Đào', '20/10/1994', N'Nữ', '0349694473'),
('KH06',N'Lô Thị Bốn', '6/6/1994', N'Nữ', '0369937028'),
('KH07',N'Nguyễn Thị Thủy', '10/6/1994', N'Nữ', '0969960694'),
('KH08',N'Nguyễn Thị Duyên', '20/10/2001', N'Nữ', '0912866948'),
('KH09',N'Nguyễn Trung Thịnh', '7/12/2000', N'Nam', '0988773289'),
('KH10',N'Đào Thị Anh', '22/10/1990', N'Nữ', '0986399535');
INSERT INTO KHACH_HANG(ID_KH,KHTT,DIEM) VALUES
(N'KH01',N'Đồng',100),
(N'KH02',N'Bạc',300),
(N'KH03',N'Đồng',150),
(N'KH04',N'Đồng',120),
(N'KH05',N'Vàng',500),
(N'KH06',N'Đồng',50),
(N'KH07',N'Bạc',340),
(N'KH08',N'Vàng',970),
(N'KH09',N'Vàng',1240),
(N'KH10',N'Bạc',380);
INSERT INTO 
HANG_HOA(MA_HH,TEN_HH,SO_LUONG,GIA,LOAI_HH,NGAY_NHAP,HAN_SU_DUNG,MA_NCC)
VALUES
(N'1001',N'Trà Nhãn Sen',50,35000,N'Trà','2025-9-1','2026-9-17',N'A'),
(N'1002',N'Trà Đào Cam Sả',60,45000,N'Trà','2025-9-1','2026-9-17',N'A'),
(N'1003',N'Trà Mãng Cầu',50,40000,N'Trà','2025-9-1','2026-9-17',N'A'),
(N'1004',N'Trà Ô Long Túi Lọc',200,25000,N'Trà','2025-9-1','2027-9-17',N'A'),
(N'1005',N'Trà Thạch Vải',50,40000,N'Trà','2025-9-1','2026-9-17',N'A'),
(N'1006',N'Trà Earl Grey',60,55000,N'Trà','2025-9-1','2027-9-17',N'A'),

(N'2001',N'Trà sữa Nướng',60,45000,N'Trà sữa','2025-9-1','2026-3-17',N'A'),
(N'2002',N'Trà sữa Matcha Đậu đỏ',20,50000,N'Trà sữa','2025-9-1','2026-3-17',N'A'),
(N'2003',N'Trà sữa Khoai môn',50,45000,N'Trà sữa','2025-9-1','2026-3-17',N'A'),
(N'2004',N'Trà sữa Trân châu đường đen',40,55000,N'Trà sữa','2025-9-1','2026-3-17',N'A'),
(N'2005',N'Trà sữa Socola',50,40000,N'Trà sữa','2025-9-1','2026-3-17',N'A'),
(N'2006',N'Trà sữa Thái xanh',50,35000,N'Trà sữa','2025-9-1','2026-3-17',N'A'),

(N'3001',N'Nước ép Dưa hấu Bạc hà',20,40000,N'Nước','2025-9-1','2025-10-17',N'B'),
(N'3002',N'Nước Chanh dây Hạt chia',100,30000,N'Nước','2025-9-1','2025-10-17',N'B'),
(N'3003',N'Soda Ý Việt quất',30,35000,N'Nước','2025-9-1','2026-9-17',N'B'),
(N'3004',N'Sâm bí đao râu ngô',20,20000,N'Nước','2025-9-1','2025-10-17',N'B'),

(N'4001',N'Kem Muối biển',40,25000,N'Kem','2025-9-1','2026-9-17',N'B'),
(N'4002',N'Kem Bơ Sầu riêng',100,60000,N'Kem','2025-9-1','2025-12-17',N'B'),
(N'4003',N'Kem Sorbet Xoài',30,35000,N'Kem','2025-9-1','2026-9-17',N'B'),
(N'4004',N'Kem Socola Bạc hà',50,30000,N'Kem','2025-9-1','2026-9-17',N'B')
INSERT INTO 
BO_HANG(MA_BO,TEN,SO_LUONG,TONG_GIA,NGAY_BO,MA_HH)
VALUES
(N'D1001', N'Trà Nhãn Sen', 10, 350000, '2026-9-17', N'1001'),
(N'D1002', N'Trà Đào Cam Sả', 10, 450000, '2026-9-17', N'1002'),
(N'D1003', N'Trà Mãng Cầu', 20, 800000, '2026-9-17', N'1003'),
(N'D1004', N'Trà Ô Long Túi Lọc', 20, 500000, '2027-9-17', N'1004'),
(N'D1005', N'Trà Thạch Vải', 10, 400000, '2026-9-17', N'1005'),
(N'D1006', N'Trà Earl Grey', 10, 550000, '2027-9-17', N'1006'),

(N'D2001', N'Trà sữa Nướng', 10, 450000, '2026-3-17', N'2001'),
(N'D2002', N'Trà sữa Matcha Đậu đỏ', 2, 100000, '2026-3-17', N'2002'),
(N'D2003', N'Trà sữa Khoai môn', 5, 225000, '2026-3-17', N'2003'),
(N'D2004', N'Trà sữa Trân châu đường đen', 4, 220000, '2026-3-17', N'2004'),
(N'D2005', N'Trà sữa Socola', 5, 200000, '2026-3-17', N'2005'),
(N'D2006', N'Trà sữa Thái xanh', 10, 350000, '2026-3-17', N'2006'),

(N'D3001', N'Nước ép Dưa hấu Bạc hà', 2, 80000, '2025-10-17', N'3001'),
(N'D3002', N'Nước Chanh dây Hạt chia', 10, 300000, '2025-10-17', N'3002'),
(N'D3003', N'Soda Ý Việt quất', 3, 105000, '2026-9-17', N'3003'),
(N'D3004', N'Sâm bí đao râu ngô', 2, 40000, '2025-10-17', N'3004'),

(N'D4001', N'Kem Muối biển', 4, 100000, '2026-9-17', N'4001'),
(N'D4002', N'Kem Bơ Sầu riêng', 10, 600000, '2025-12-17', N'4002'),
(N'D4003', N'Kem Sorbet Xoài', 3, 105000, '2026-9-17', N'4003'),
(N'D4004', N'Kem Socola Bạc hà', 5, 150000, '2026-9-17', N'4004');
INSERT INTO CHUC_VU(MA_CV,TEN_CV,LUONG_CO_BAN) VALUES
(N'01',N'Quản Lí', 5000000),
(N'02',N'Nhân Viên', 1000000);
INSERT INTO NHAN_VIEN(ID_NV,TRANG_THAI,MA_CV,ID_QLY) VALUES
(N'M001',N'Hoạt động',N'01',N'M001'),
(N'S001',N'Hoạt động',N'02',N'M001'),
(N'S002',N'Hoạt động',N'02',N'M001'),
(N'S003',N'Hoạt động',N'02',N'M001'),
(N'S004',N'Hoạt động',N'02',N'M001'),
(N'S005',N'Hoạt động',N'02',N'M001');
INSERT INTO NHA_CUNG_CAP(MA_NCC,TEN,SDT,DIA_CHI) VALUES
(N'A',N'A',N'0901234567',N'Hà Nội'),
(N'B',N'B',N'0909876543',N'Hà Nội'),
(N'C',N'C',N'0911234567',N'Hồ Chí Minh'),
(N'D',N'D',N'0912234567',N'Hồ Chí Minh'),
(N'E',N'E',N'0913334567',N'Hồ Chí Minh');
INSERT INTO 
HANG_NHAP(MA_NHAP_HANG,SO_LUONG,NGAY_NHAP,DON_GIA,MA_NCC,MA_HH)
VALUES
(N'NH1001', 50, '2025-09-01', 35000, N'A', N'1001'),
(N'NH1002', 60, '2025-09-01', 45000, N'A', N'1002'),
(N'NH1003', 50, '2025-09-01', 40000, N'A', N'1003'),
(N'NH1004', 200, '2025-09-01', 25000, N'A', N'1004'),
(N'NH1005', 50, '2025-09-01', 40000, N'A', N'1005'),
(N'NH1006', 60, '2025-09-01', 55000, N'A', N'1006'),

(N'NH2001', 60, '2025-09-01', 45000, N'A', N'2001'),
(N'NH2002', 20, '2025-09-01', 50000, N'A', N'2002'),
(N'NH2003', 50, '2025-09-01', 45000, N'A', N'2003'),
(N'NH2004', 40, '2025-09-01', 55000, N'A', N'2004'),
(N'NH2005', 50, '2025-09-01', 40000, N'A', N'2005'),
(N'NH2006', 50, '2025-09-01', 35000, N'A', N'2006'),

(N'NH3001', 20, '2025-09-01', 40000, N'B', N'3001'),
(N'NH3002', 100, '2025-09-01', 30000, N'B', N'3002'),
(N'NH3003', 30, '2025-09-01', 35000, N'B', N'3003'),
(N'NH3004', 20, '2025-09-01', 20000, N'B', N'3004'),

(N'NH4001', 40, '2025-09-01', 25000, N'B', N'4001'),
(N'NH4002', 100, '2025-09-01', 60000, N'B', N'4002'),
(N'NH4003', 30, '2025-09-01', 35000, N'B', N'4003'),
(N'NH4004', 50, '2025-09-01', 30000, N'B', N'4004');
INSERT INTO CA_LAM(MA_CA,THOI_GIAN, NGAY) VALUES
(N'CA001S', '6:00:00', '05/3/2026'),
(N'CA001C', '11:00:00', '05/3/2026'),
(N'CA001T', '16:00:00', '05/3/2026');
INSERT INTO LUONG(ID_NV,THUONG,SO_CA_LAM,MA_CV) VALUES
(N'M001', 1000000,18,N'01'),
(N'S001', 1000000,18,N'02'),
(N'S002', 1000000,18,N'02'),
(N'S003', 1000000,18,N'02'),
(N'S004', 1000000,18,N'02'),
(N'S005', 1000000,18,N'02');
INSERT INTO 
HOA_DON(MA_HD,THOI_GIAN,TONG_TIEN,ID_NV,ID_KH,MA_CA)
VALUES
(N'01','2026-3-20',100000,N'S001',N'KH01',N'CA001S'),
(N'02','2026-3-20',50000,N'S003',N'KH02',N'CA001C'),
(N'03','2026-3-21',10000,N'S005',N'KH03',N'CA001T');
INSERT INTO CHAM_CONG(MA_CA,ID_NV)
VALUES
(N'CA001S',N'S001'),
(N'CA001C',N'S002'),
(N'CA001T',N'S003'),
(N'CA001S',N'S004'),
(N'CA001C',N'S005');
-- Thống kê danh sách nhân viên và chức vụ tương ứng
SELECT 
    CN.TEN, 
    CV.TEN_CV, 
    CV.LUONG_CO_BAN, 
    NV.TRANG_THAI
FROM NHAN_VIEN NV
JOIN CON_NGUOI CN ON NV.ID_NV = CN.ID_CN
JOIN CHUC_VU CV ON NV.MA_CV = CV.MA_CV;
-- Tìm các mặt hàng sắp hết hạn sử dụng
SELECT 
    MA_HH, 
    TEN_HH, 
    HAN_SU_DUNG, 
    SO_LUONG
FROM HANG_HOA
WHERE HAN_SU_DUNG <= '31/12/2025';
-- Tính tổng doanh thu theo từng nhân viên
SELECT 
    NV.ID_NV, 
    CN.TEN, 
    SUM(HD.TONG_TIEN) AS TONG_DOANH_THU
FROM HOA_DON HD
JOIN NHAN_VIEN NV ON HD.ID_NV = NV.ID_NV
JOIN CON_NGUOI CN ON NV.ID_NV = CN.ID_CN
GROUP BY NV.ID_NV, CN.TEN;
-- Liệt kê top 5 khách hàng có số điểm tích lũy cao nhất
SELECT TOP 5 
    CN.TEN, 
    KH.KHTT, 
    KH.DIEM
FROM KHACH_HANG KH
JOIN CON_NGUOI CN ON KH.ID_KH = CN.ID_CN
ORDER BY KH.DIEM DESC;
-- Thống kê số lượng hàng hóa nhập về từ mỗi nhà cung cấp
SELECT 
    NCC.TEN AS TEN_NHA_CUNG_CAP, 
    COUNT(HH.MA_HH) AS SO_LOAI_HANG_CUNG_CAP,
    SUM(HH.SO_LUONG) AS TONG_SO_LUONG_TON
FROM NHA_CUNG_CAP NCC
LEFT JOIN HANG_HOA HH ON NCC.MA_NCC = HH.MA_NCC
GROUP BY NCC.TEN;